res_index,delta
148,-0.000100134224
149,-0.00011026817
150,-7.470714e-05
151,-5.820278e-05
152,-3.2743614e-05
153,-0.000254398
154,-0.00010360058
155,-0.00022083995
156,-3.5963698e-05
157,-3.991463e-05
158,-9.947813e-05
159,-3.395978e-05
160,-3.9141363e-05
161,-0.00014789453
162,-4.9403665e-05
163,-0.00013027785
164,-0.000100648176
165,-9.170458e-05
166,-4.266901e-05
167,-8.791431e-05
168,-6.5967106e-05
169,-0.0001033766
170,-0.000114387156
171,-5.1432326e-05
172,-0.00014250929
173,-5.5058736e-05
174,-5.9875216e-05
175,-7.051157e-05
176,-0.00022074506
177,-0.00014035749
178,-8.35578e-05
179,-0.00014155202
180,-7.253783e-05
181,-4.7169586e-05
182,-9.775857e-05
183,-0.00011724723
184,-0.00014398583
185,-0.000111224814
186,-0.00025784347
187,-6.6351044e-05
188,-0.00014318293
189,-9.290523e-05
190,-4.4075718e-05
191,-0.00012348099
192,-8.155768e-05
193,-0.00012623321
194,-0.000108957145
195,-6.9828624e-05
196,-0.00013471227
197,-0.00010772976
198,-0.0001221413
199,-8.447525e-05
200,-0.0001057621
201,-3.9265593e-05
202,-0.00012208
203,-0.00011450366
204,-9.417697e-05
205,-4.4201985e-05
206,-0.00012866856
207,-4.984025e-05
208,-9.5234675e-05
209,-0.00030317303
210,-5.0739884e-05
211,-9.429578e-05
212,-5.29529e-05
213,-9.2515824e-05
214,-4.9329672e-05
215,-8.8599656e-05
216,-5.8206573e-05
217,-3.0843566e-05
218,-7.507116e-05
219,-0.00016449322
220,-0.00027144072
221,-6.0627484e-05
222,-9.785875e-05
223,-0.00019157925
224,-0.00010912404
225,-3.7447586e-05
226,-0.00012803015
227,-5.666401e-05
228,-0.00010602562
229,-0.00012513864
230,-0.00017933961
231,-0.00013554934
232,-0.000129088
233,-0.00012760414
234,-0.00014293074
235,-2.4630079e-05
236,-2.4650974e-05
237,-0.00019094166
238,-9.615651e-05
239,-7.957152e-05
240,-9.428397e-05
241,-7.042459e-05
242,-0.00013203404
243,-0.00016452295
244,-5.0864215e-05
245,-2.9698826e-05
246,-0.00018149208
247,-7.734947e-05
248,-4.342293e-05
249,-6.0233848e-05
250,-0.00016896665
251,-0.00014590324
252,-3.8198108e-05
253,-7.2795226e-05
254,-0.000232882695
255,-0.00019329692
256,-0.0001816344
257,-0.000152671178
258,-0.000114415985
259,-0.00011865549500000001
260,-0.00017589237000000001
261,-0.00017262625
262,-0.00023842282
263,-0.000125614785
264,-0.00016891977
265,-8.9365203e-05
266,-0.00021985378999999998
267,-0.00024115781499999998
268,-8.917583e-05
269,-0.000151639132
270,-0.000223709785
271,-0.00019490590499999998
272,-0.00017383637
273,-0.0002423814015
274,-0.00015006242000000002
275,-0.00024630486
276,-0.000209524
277,-8.6850058e-05
278,-0.00010670642500000001
279,-0.000317557845
280,-0.00023967471499999999
281,-0.00020052416
282,-0.000184077315
283,-0.000293669605
284,-0.00019812130500000002
285,-0.00012631412
286,-2.449234e-05
287,-0.00017324052
288,-8.4134546e-05
289,-4.1029423e-05
290,-0.00012738246
291,-9.774395e-05
292,-7.2194625e-05
293,-0.00021686906500000002
294,-0.00031357795649999997
295,-0.0001092600475
296,-0.000143567765
297,-0.0001562993125
298,-0.00024867549199999995
299,-0.00015675909957142857
300,-4.057105222222225e-05
301,0.00012172469033333339
302,-7.651601111111067e-06
303,-8.582082733333331e-05
304,8.294361666666666e-06
305,1.2627137777777793e-05
306,3.3976656111111094e-05
307,-4.237799711111109e-05
308,0.0001001313233333333
309,-1.7028703666666697e-05
310,7.205263944444446e-05
311,-4.6655728236111116e-05
312,0.00011772550000000001
313,1.613823444444445e-05
314,-5.604415555555557e-05
315,6.318285000000002e-05
316,-2.7085864444444482e-05
317,-2.1100873888888903e-05
318,-1.5431898888888882e-05
319,9.888131666666662e-05
320,-1.9712296666666673e-05
321,3.0878398888888904e-05
322,7.824828444444472e-06
323,1.889024033333337e-05
324,2.1879884444444425e-06
325,0.00029808409333333336
326,-0.00010755135511111114
327,2.6640778555555612e-05
328,-3.7175077777777785e-05
329,0.00014525069425000002
330,-0.0001617323637777778
331,6.213205952380955e-05
332,9.584231476190475e-05
333,-6.853849238095238e-05
334,0.00014528445847619052
335,-3.3154860750000004e-05
336,6.968651803571427e-05
337,0.0002422566104166666
338,-5.7183991111111135e-05
339,6.848232138888889e-05
340,0.0001500809861111111
341,-3.319522311111111e-05
342,4.7003069777777764e-05
343,-1.9157873777777773e-05
344,-1.608676866666662e-05
345,3.90167699999998e-06
346,-4.450539544444444e-05
347,-9.667036888888903e-06
348,-4.834952222222222e-05
349,4.942245811111114e-05
350,-7.414247733333336e-05
351,8.754187999999996e-05
352,4.915519999999999e-06
353,-2.912785555555554e-05
354,7.3984137777777606e-06
355,6.309073333333332e-05
356,-4.869971555555527e-06
357,-1.0529655666666679e-05
358,-0.00010768523888888889
359,3.906279599999999e-05
360,6.372192888888891e-05
361,-1.611177222222217e-06
362,8.961614044444442e-05
363,-2.293994111111111e-05
364,-4.394615e-05
365,1.3535528888888887e-05
366,2.1834102222222204e-05
367,-5.865849166666667e-05
368,-0.00010302088000000001
369,1.537500666666663e-05
370,8.151861400000003e-05
371,-2.8752923000000024e-05
372,-4.922885555555512e-06
373,6.097365777777775e-05
374,8.310458222222223e-05
375,1.4561652222222233e-05
376,5.0058657777777844e-05
377,2.874945222222224e-05
378,3.898656000000001e-05
379,6.740432511111112e-05
380,-5.7731367000000004e-05
381,-6.571320444444419e-06
382,0.00010026935588888894
383,1.9815734444444483e-05
384,3.568716866666669e-05
385,-4.4193238888888883e-05
386,1.0429900000000366e-06
387,4.238154333333332e-05
388,-7.025379755555557e-05
389,2.3729063333333264e-05
390,-3.185340444444444e-05
391,-2.042701288888889e-05
392,8.375472777777783e-06
393,0.0001239245715555555
394,0.0001859715560000001
395,-4.696694077777778e-05
396,-3.300789777777778e-05
397,-4.202966666666606e-06
398,-7.763545070833335e-05
399,7.85745911111111e-05
400,5.942282974999999e-05
401,-3.344343837500001e-05
402,7.69701833333331e-06
403,0.0001480863290972222
404,0.00013011489625000002
405,-0.00015480524236111113
406,7.543945972222221e-05
407,1.8577994027777796e-05
408,-4.569026808333334e-05
409,2.1565745972222173e-05
410,3.232563655555554e-05
411,-3.9069975277777755e-05
412,7.302996597222225e-05
413,-0.00012790107111111112
414,9.211471266666672e-05
415,2.464650972222235e-06
416,-8.625307876388889e-05
417,5.9094690138888895e-05
418,4.6110866388888885e-05
419,9.012805244444438e-05
420,2.384726208333335e-05
421,-1.1963877777777798e-05
422,-2.7196754777777796e-05
423,2.2532782222222265e-05
424,-0.00011405805555555549
425,-4.226658500000005e-05
426,0.00019749812711111113
427,-0.0001114235293333333
428,-5.732616177777779e-05
429,2.1905022222222178e-05
430,8.328891555555557e-05
431,2.436345888888903e-06
432,7.351456555555557e-05
433,6.593110111111116e-05
434,-9.960848400000002e-05
435,6.601024777777776e-05
436,-3.1347699555555556e-05
437,3.893911333333332e-05
438,-4.302213333333329e-05
439,-1.3836403333333333e-05
440,1.858422444444446e-05
441,9.392533733333332e-05
442,-4.3929360777777776e-05
443,9.834199999999758e-07
444,0.00010624891822222219
445,-3.539491500000001e-05
446,-2.0538712222222238e-05
447,7.283209666666669e-05
448,-8.361047555555546e-05
449,-3.5179417999999966e-05
450,-8.206227666666656e-06
451,4.162150044444447e-05
452,-2.096953999999998e-05
453,6.029750000000002e-05
454,-2.069260611111114e-05
455,-1.804783222222222e-05
456,0.00010769458444444448
457,-3.440724777777781e-05
458,2.7637157777777774e-05
459,3.393297111111077e-06
460,0.00010281104555555555
461,-2.988930555555556e-05
462,6.560131249999982e-06
463,8.97744361111108e-06
464,4.4476010777777785e-05
465,-6.979567e-05
466,7.784361222222221e-05
467,3.433580500000001e-05
468,2.203846e-05
469,9.674697599999999e-05
470,-5.960752111111109e-05
471,2.393887422222216e-05
472,-2.0527769999999852e-06
473,-9.577648399999999e-05
474,3.246032822222224e-05
475,0.00018002756666666664
476,6.245911111110811e-07
477,-1.5201933333333341e-05
478,9.722245555555552e-05
479,7.613666666666651e-06
480,-7.962696000000013e-06
481,-1.3334187777777775e-05
482,3.529545000000001e-05
483,-7.198635666666664e-05
484,0.0003551681311111112
485,-7.726472022222226e-05
486,-4.1100395555555564e-05
487,-1.8732380555555557e-05
488,0.00028533627555555555
489,-6.137385777777777e-05
490,3.220213955555556e-05
491,-2.3205521111111123e-05
492,6.215314555555552e-05
493,3.2992961805555554e-05
494,0.00015896567666666666
495,3.490817708333335e-05
496,4.933656055555551e-05
497,1.0551062944444444e-05
498,3.034520388888888e-05
499,-5.4725822499999955e-05
500,1.7570894166666663e-05
501,2.1356909999999986e-05
502,0.00023509505111111116
503,-3.7207519930555544e-05
504,7.185712513888888e-05
505,0.00012503848722222223
506,2.1266927638888877e-05
507,0.00011838843591666667
508,3.940288958333336e-05
509,-1.4402758500000007e-05
510,0.00010948515158333333
511,9.812707194444442e-05
512,-0.0001485922063888889
513,-4.05619891388889e-05
514,0.00011651454175000002
515,-0.00011053776613888889
516,-0.00016142632069444452
517,-6.191078055555561e-05
518,-0.00012949930944444445
519,0.00014415977708333338
520,0.0003450181308055555
521,2.639069569444443e-05
522,9.683008611111087e-06
523,-6.268568775000002e-05
524,7.057392499999879e-07
525,0.00023147527555555556
526,-8.364841944444464e-06
527,7.437943708333335e-05
528,0.00010155577712500001
529,3.1980666916666615e-05
530,6.626664694444424e-06
531,-3.585549105555557e-05
532,9.027724166666513e-07
533,2.3053924861111128e-05
534,-3.974931124999998e-05
535,1.2158631388888886e-06
536,-9.683862486111109e-05
537,1.9288789999999997e-05
538,-2.427292625e-05
539,-0.00027563684
540,-0.00012932278
541,-0.0002536612
542,-0.0001142542
543,-5.7611047e-05
544,-0.00014623719
545,-0.00036398484
546,-0.00012863186
547,-0.00011095295
548,-0.00016037497
559,-0.00015475866
560,-0.00013637535
561,-9.615778e-05
562,-0.00015411394
563,-4.346259e-05
564,-0.00011307707
565,-0.00025689963
566,-0.00020024287
567,-0.00013468377
568,-0.00029717968
569,-0.000100538455
570,-0.00013205453
571,-0.00023858997
572,-5.9850503e-05
573,-8.1218226e-05
574,-9.85867e-05
575,-6.3021565e-05
576,-0.00011369083
577,-0.00014848629
578,-0.00018753333
579,-0.0003190994
580,-0.00010392725
581,-5.086603e-05
582,-0.00023325862
583,-0.00017985278
584,-0.0002502199
585,-7.4008414e-05
586,-6.875357e-05
587,-0.00011194854
588,-8.161445e-05
589,-0.00024985854
590,-0.00010881416
591,-0.0001335558
592,-7.730714e-05
593,-8.401499e-05
594,-0.0001926902
595,-0.00024391944
596,-9.6061405e-05
597,-0.00024668974
598,-9.584274e-05
599,-0.00019478463
600,-0.00014496568
601,-0.00019789147
602,-0.00012421672
603,-0.00019129008
604,-0.00014782969
605,-0.00018580069
606,-0.0001433831
607,-7.084333e-05
608,-0.00028185602
609,-8.097394e-05
610,-0.00010215909
611,-0.0004457558
612,-0.00012571341
613,-0.0001774537
614,-0.00011411619
615,-0.000104907056
616,-8.1191436e-05
617,-0.00018492976
618,-0.00019669544
619,-9.310017e-05
620,-0.00033136853
621,-0.00012308541
622,-8.582305e-05
623,-0.0003061606
624,-0.00021473292
625,-0.00020046781
626,-0.00022277766
627,-0.00013669691
628,-9.5285875e-05
629,-0.00025194537
630,-0.00013128587
631,-0.00017031579
632,-0.00019062283
633,-0.0001572382
634,-0.00015795577
635,-9.343444e-05
636,-0.00021926398
637,-0.0001224989
638,-0.00018
639,-0.00028472662
640,-8.6541375e-05
641,-0.00027752708
642,-0.0002727285
643,-0.00011907555
644,-0.00024079593
645,-0.0002192307
646,-0.000171828
647,-0.00012623948
648,-0.00044836383
649,-7.604031e-05
650,-7.811829e-05
651,-0.00022432549
652,-8.51892e-05
653,-0.00027249707
654,-0.00036673166
655,-9.641055e-05
656,-0.00017119636
657,-0.00011934932
658,-0.00017755193
659,-0.0001867924
660,-0.00016788894
661,-8.947218e-05
