res_index,delta,t,p,nH,nL,q,sig_pos
426,0.00019749812711111113,4.249313774260215,0.0003084160411742701,9,9,0.05316628274540811,True
308,0.0001001313233333333,3.8925528228523745,0.0006644334626071148,9,9,0.05316628274540811,True
393,0.00012392457155555554,3.913960640194554,0.0007478945739928887,9,9,0.05316628274540811,True
325,0.00029808409333333347,4.168610599247532,0.0008898122635214746,9,9,0.05316628274540811,True
404,0.00013011489625,3.619914634512294,0.001374402859040371,9,8,0.06506222619778491,True
502,0.00023509505111111116,3.5229777010017482,0.0016333613271410437,9,8,0.06506222619778491,True
520,0.0003450181308055556,3.337645027327607,0.002612130492597849,9,8,0.08530327288477972,True
511,9.812707194444442e-05,3.2508550015637394,0.003152965372935391,9,8,0.08530327288477972,True
504,7.185712513888893e-05,3.323188470221401,0.0032122571379205756,9,8,0.08530327288477972,True
475,0.00018002756666666664,2.984009674942483,0.004835849788530628,9,9,0.10070520851555803,False
312,0.00011772549999999996,3.032129447930199,0.004858775695213022,9,9,0.10070520851555803,False
514,0.00011651454175000002,2.941208396200519,0.0050563284610322026,9,8,0.10070520851555803,False
484,0.0003551681311111112,2.8562414097295505,0.006128697141139954,9,9,0.11267373974864991,False
447,7.283209666666669e-05,2.8056065831006327,0.007105683609929148,9,9,0.12118643445869692,False
340,0.0001500809861111111,2.6938681992407214,0.00804564493594714,9,9,0.12118643445869692,False
334,0.00014528445847619052,2.7340725307637,0.008112899377988078,7,9,0.12118643445869692,False
394,0.0001859715560000001,2.69101802220297,0.009441595241052812,9,9,0.12280506313778648,False
403,0.0001480863290972222,2.637010922397071,0.00946951580840164,9,8,0.12280506313778648,False
301,0.00012172469033333339,2.8177527154707502,0.010064429776085227,9,9,0.12280506313778648,False
451,4.162150044444447e-05,2.684496586001797,0.01027657432115368,9,9,0.12280506313778648,False
453,6.029749999999999e-05,2.5457942625466963,0.011059162860170958,9,9,0.1258638058848028,False
406,7.543945972222227e-05,2.5120331276754944,0.012092129618345519,9,8,0.13061932721643077,False
310,7.205263944444436e-05,2.503036217956297,0.012570060778150241,9,9,0.13061932721643077,False
525,0.00023147527555555556,2.4746844113565585,0.01324875319683412,9,8,0.13193550058513978,False
505,0.00012503848722222226,2.434095804474628,0.016516454973791946,9,8,0.15789730954945103,False
362,8.961614044444445e-05,2.3846789157257278,0.017534414061294346,9,9,0.16118172925574417,False
342,4.700306977777779e-05,2.310240562846396,0.020954987862565156,9,9,0.18549044811678045,False
351,8.754187999999996e-05,2.203287689015976,0.022160461690104202,9,9,0.18915536942624658,False
508,3.940288958333336e-05,2.1990404934934644,0.024196573721876936,9,8,0.19672135994892057,False
507,0.00011838843591666667,2.1987706199661483,0.025050107474031826,9,8,0.19672135994892057,False
355,6.309073333333337e-05,2.1144598640790027,0.025516159658646603,9,9,0.19672135994892057,False
339,6.848232138888889e-05,2.200302461292025,0.027515864328211702,8,9,0.20550911170133115,False
349,4.942245811111114e-05,2.094496791396355,0.02876070775674279,9,9,0.20829724708671293,False
319,9.888131666666657e-05,2.0367231844553153,0.036568656099606335,9,9,0.24894121640574463,False
382,0.00010026935588888894,1.990084803505309,0.03663612166874178,9,9,0.24894121640574463,False
506,2.1266927638888877e-05,1.9914084387888824,0.037798607834617644,9,8,0.24894121640574463,False
329,0.00014525069425000002,1.8982786285792552,0.03853901676574289,8,9,0.24894121640574463,False
488,0.00028533627555555555,1.9605137101963597,0.03964690352268368,9,9,0.2493581563663526,False
456,0.00010769458444444437,1.8395557074167987,0.047780956450918594,9,9,0.28674409322505107,False
441,9.392533733333338e-05,1.7932304546281395,0.047990643217581765,9,9,0.28674409322505107,False
379,6.740432511111112e-05,1.7711295025511127,0.05297350502474013,9,9,0.2992128013437273,False
435,6.601024777777776e-05,1.7062902766490617,0.05366094801861478,9,9,0.2992128013437273,False
478,9.722245555555552e-05,1.7780698692262422,0.05383326551372499,9,9,0.2992128013437273,False
306,3.397665611111112e-05,1.6702760345654126,0.05761325841928749,9,9,0.30852366560380284,False
387,4.238154333333335e-05,1.6321647000823385,0.061207256015874685,9,9,0.30852366560380284,False
510,0.00010948515158333333,1.6927165722011892,0.06147063385528754,9,8,0.30852366560380284,False
414,9.211471266666664e-05,1.7153923226598062,0.06232841609493448,9,8,0.30852366560380284,False
437,3.893911333333332e-05,1.6211205669455733,0.0624587940242602,9,9,0.30852366560380284,False
469,9.674697599999999e-05,1.6186052564564224,0.06325380591877129,9,9,0.30852366560380284,False
417,5.9094690138888813e-05,1.6178362000050726,0.06571754558011224,9,8,0.3141298678729365,False
460,0.0001028110455555556,1.5085834965471365,0.0755444375776511,9,9,0.3540219721776199,False
360,6.372192888888891e-05,1.5235246549022043,0.07900220248603251,9,9,0.36310627681080326,False
374,8.310458222222212e-05,1.5070239024565157,0.08216898048313015,9,9,0.37053559123524726,False
332,9.584231476190481e-05,1.4118154482332599,0.09101738917207126,7,9,0.3932250534576871,False
466,7.784361222222221e-05,1.3915633927057236,0.09177441327789584,9,9,0.3932250534576871,False
370,8.151861400000008e-05,1.3929656086372142,0.0936553173895676,9,9,0.3932250534576871,False
444,0.00010624891822222219,1.4071631197809669,0.09378170730999233,9,9,0.3932250534576871,False
467,3.433580500000001e-05,1.33165923186234,0.10269388893156123,9,9,0.4130801713143376,False
399,7.85745911111111e-05,1.3399040133161806,0.10354586148019401,9,8,0.4130801713143376,False
337,0.0002422566104166666,1.3493948197604373,0.1037021350579927,6,8,0.4130801713143376,False
359,3.9062796000000045e-05,1.2963378128757657,0.10955998604458247,9,9,0.4292596174533641,False
496,4.933656055555556e-05,1.2319381146750468,0.11878913567961309,9,8,0.45158677773842004,False
527,7.437943708333335e-05,1.2543596149134963,0.11903751881807725,6,8,0.45158677773842004,False
321,3.087839888888888e-05,1.19557118378481,0.1250971163629778,9,9,0.46715954391799525,False
419,9.012805244444449e-05,1.2129344983765293,0.12918249776203478,9,8,0.47499410715578944,False
528,0.00010155577712499996,1.1932742240126086,0.13317034827254182,5,8,0.4822380793505681,False
315,6.318285000000005e-05,1.110684703785357,0.14493105805179787,9,9,0.5059617915633815,False
376,5.005865777777779e-05,1.1148946752555713,0.14572338103789786,9,9,0.5059617915633815,False
430,8.328891555555557e-05,1.086836970581202,0.14724562536242253,9,9,0.5059617915633815,False
373,6.097365777777775e-05,1.081409537588192,0.14833029338701353,9,9,0.5059617915633815,False
331,6.213205952380961e-05,1.080691394770349,0.15030664100836855,7,9,0.5059617915633815,False
497,1.055106294444443e-05,1.0462674818832374,0.15758896093824346,9,8,0.5231078008922248,False
412,7.30299659722222e-05,1.0226080220741756,0.1618487202805946,9,8,0.5298882759871522,False
494,0.00015896567666666655,1.0113511288351582,0.1645115790900062,9,8,0.5313279378717768,False
377,2.8749452222222186e-05,0.9854320439845836,0.17119671251562496,9,9,0.5455468572164582,False
519,0.00014415977708333338,0.9608312193537272,0.1764549871764864,9,8,0.5549044991471085,False
492,6.215314555555558e-05,0.9382938010296811,0.18126038318602733,9,9,0.5596081908549673,False
493,3.299296180555553e-05,0.9405463726093686,0.18263363550915251,9,8,0.5596081908549673,False
433,6.593110111111116e-05,0.9171169346755539,0.1865829125889522,9,9,0.5644723558070833,False
482,3.529545000000001e-05,0.8914673614416304,0.19702079330293504,9,9,0.5840091350032236,False
366,2.183410222222226e-05,0.8860420648972802,0.19792778215590423,9,9,0.5840091350032236,False
423,2.2532782222222265e-05,0.8751411580581252,0.2022205837479658,9,9,0.5893990184849247,False
378,3.898656000000001e-05,0.8310017182535833,0.20935967212579581,9,9,0.5967589678737474,False
432,7.351456555555557e-05,0.8411967171063233,0.20993553774401352,9,9,0.5967589678737474,False
336,6.968651803571427e-05,0.8197123811353182,0.21407522000111978,7,8,0.5967589678737474,False
375,1.4561652222222206e-05,0.8106388510948841,0.21473335245666225,9,9,0.5967589678737474,False
458,2.7637157777777774e-05,0.7849816622632299,0.22541558550298374,9,9,0.6192451141978519,False
464,4.4476010777777785e-05,0.7602900899689515,0.22921296186701118,9,9,0.6225215668888144,False
521,2.639069569444446e-05,0.7454440467903884,0.23406583893445415,9,8,0.6229354137136821,False
495,3.490817708333335e-05,0.7450217207853547,0.2367020592279518,9,8,0.6229354137136821,False
407,1.8577994027777796e-05,0.7348912428590488,0.2371846135897283,9,8,0.6229354137136821,False
490,3.220213955555556e-05,0.7206636996171746,0.24135074947173096,9,9,0.6264389387284932,False
327,2.6640778555555612e-05,0.7161417994371568,0.2442845028229555,9,9,0.6264389387284932,False
498,3.034520388888888e-05,0.7133867827498077,0.24638184201036972,9,8,0.6264389387284932,False
389,2.3729063333333264e-05,0.6914996748528036,0.2508347720931432,9,9,0.6310474792659077,False
400,5.942282975000005e-05,0.6733106749086415,0.25627672336385027,9,8,0.6341589852198657,False
323,1.8890240333333344e-05,0.6683512485515334,0.257378332913502,9,9,0.6341589852198657,False
418,4.6110866388888885e-05,0.668963807062443,0.2610947662041512,9,8,0.6367515216611441,False
501,2.135690999999996e-05,0.6361076359909003,0.2671551224083666,9,8,0.6449502450060567,False
410,3.232563655555554e-05,0.6200858576845424,0.27666815885637464,9,8,0.6557774015199361,False
474,3.2460328222222185e-05,0.611023829592405,0.2771276885084249,9,9,0.6557774015199361,False
383,1.9815734444444483e-05,0.5921592742099341,0.282838584218828,9,9,0.6627296238068617,False
313,1.613823444444445e-05,0.5795480407631575,0.2885036010588671,9,9,0.6694403946899925,False
500,1.7570894166666663e-05,0.5472782756962754,0.2977052439150064,9,8,0.6819144618240486,False
384,3.568716866666669e-05,0.536571289518496,0.2995858514289753,9,9,0.6819144618240486,False
369,1.5375006666666684e-05,0.4861951708089587,0.3175061750447265,9,9,0.7109109599997577,False
429,2.1905022222222232e-05,0.48146872318735706,0.3203891849007888,9,9,0.7109109599997577,False
533,2.3053924861111128e-05,0.47148127726058164,0.3236705916621526,9,8,0.7109109599997577,False
420,2.3847262083333297e-05,0.4727620421838739,0.32422299012541256,9,8,0.7109109599997577,False
352,4.915519999999999e-06,0.42704485436497386,0.33754501487320665,9,9,0.733393259588149,False
440,1.858422444444446e-05,0.39793238293233446,0.3491663180436936,9,9,0.7518085586706555,False
409,2.1565745972222173e-05,0.39143652113372235,0.35275303834578864,9,8,0.7527497871843168,False
365,1.3535528888888914e-05,0.36884546140930247,0.359355416009236,9,9,0.7600526055416584,False
471,2.3938874222222215e-05,0.3502023565505644,0.3664644941198296,9,9,0.7682895973213971,False
305,1.2627137777777766e-05,0.318102978290216,0.37838484853001386,9,9,0.7854365098483842,False
468,2.2038460000000108e-05,0.30857528431913595,0.3812160466209731,9,9,0.7854365098483842,False
354,7.398413777777788e-06,0.27576538715527493,0.39316561755035156,9,9,0.8024141485275412,False
529,3.198066691666667e-05,0.27223524477745953,0.3961710022018823,6,8,0.8024141485275412,False
537,1.9288789999999997e-05,0.2422796180936728,0.40643249384690827,8,8,0.814099052928626,False
304,8.294361666666666e-06,0.23617779612624498,0.40875266255830595,9,9,0.814099052928626,False
392,8.375472777777729e-06,0.19256508921340335,0.4252667688178881,9,9,0.8368519006611888,False
479,7.613666666666651e-06,0.18798805795624204,0.42717963129985365,9,9,0.8368519006611888,False
322,7.824828444444445e-06,0.16384381936653486,0.43613291456361863,9,9,0.8458098031238883,False
402,7.69701833333331e-06,0.15757532620006956,0.43883019074210106,9,8,0.8458098031238883,False
345,3.90167699999998e-06,0.14160104749942748,0.4449550613473754,9,9,0.8500165900761976,False
463,8.977443611111135e-06,0.1328864762284075,0.44812590104435523,8,9,0.8500165900761976,False
522,9.683008611111304e-06,0.11143338885685168,0.45699163732533393,9,8,0.8516084784285988,False
462,6.560131249999982e-06,0.10387993310086117,0.45956463793497093,8,9,0.8516084784285988,False
459,3.393297111111131e-06,0.10147716941216235,0.46043155600204855,9,9,0.8516084784285988,False
431,2.436345888888903e-06,0.09380274870692497,0.4632180008189031,9,9,0.8516084784285988,False
530,6.626664694444424e-06,0.06764180965254564,0.4735864945335767,9,8,0.8518687363549768,False
324,2.1879884444444425e-06,0.06466923156242092,0.4749274598904482,9,9,0.8518687363549768,False
415,2.464650972222235e-06,0.05086244269751029,0.48025763043063757,9,8,0.8518687363549768,False
524,7.057392499999879e-07,0.04811859368081502,0.4811649552895264,9,8,0.8518687363549768,False
535,1.2158631388888886e-06,0.0354891021686436,0.4862655344370513,9,8,0.8518687363549768,False
532,9.027724166666784e-07,0.026666220319183042,0.48959906111787177,9,8,0.8518687363549768,False
386,1.0429899999999824e-06,0.024817238080987986,0.49033799663533767,9,9,0.8518687363549768,False
443,9.8342000000003e-07,0.020796260724132737,0.4918739983974343,9,9,0.8518687363549768,False
476,6.245911111110811e-07,0.009937024971929644,0.4961112817146791,9,9,0.8530258728763187,False
361,-1.6111772222222442e-06,-0.0575269880244283,0.522579460782802,9,9,0.8921177937649264,False
472,-2.0527769999999852e-06,-0.06806675474325295,0.5264135954454234,9,9,0.8922897114287673,False
397,-4.202966666666714e-06,-0.0953019258190039,0.5370021478359693,9,9,0.9002929000026556,False
372,-4.922885555555512e-06,-0.09886127282554569,0.5386689736417563,9,9,0.9002929000026556,False
356,-4.869971555555554e-06,-0.11278619456704837,0.5439037448847103,9,9,0.9027291321350399,False
526,-8.364841944444464e-06,-0.1752007187591554,0.5682585713822588,9,8,0.9366468866231714,False
347,-9.667036888888903e-06,-0.21557713300334858,0.5838879948658227,9,9,0.9558166491296686,False
480,-7.962696000000013e-06,-0.24055267924569815,0.5926614775642141,9,9,0.963578864883314,False
491,-2.320552111111107e-05,-0.260054203122672,0.6009155492211299,9,9,0.970397407188176,False
450,-8.206227666666629e-06,-0.2859831190478177,0.60904354766718,9,9,0.9769222006205103,False
344,-1.608676866666662e-05,-0.30562916897367565,0.6174438052901536,9,9,0.9809718079650964,False
481,-1.3334187777777775e-05,-0.3142699726025647,0.6197771673754375,9,9,0.9809718079650964,False
439,-1.3836403333333333e-05,-0.390750988586966,0.649432440429433,9,9,0.9986983837280644,False
302,-7.651601111111067e-06,-0.3983172147005584,0.6511018265109613,9,9,0.9986983837280644,False
452,-2.0969540000000033e-05,-0.400454007903014,0.6521695967919435,9,9,0.9986983837280644,False
390,-3.185340444444444e-05,-0.4800017861642494,0.6787995608300739,9,9,0.9986983837280644,False
357,-1.0529655666666679e-05,-0.4804992895529821,0.6800291720816338,9,9,0.9986983837280644,False
489,-6.137385777777772e-05,-0.47891662315855527,0.6806467684123253,9,9,0.9986983837280644,False
381,-6.571320444444419e-06,-0.48339162940672714,0.6822880990991558,9,9,0.9986983837280644,False
438,-4.302213333333334e-05,-0.5080738721955363,0.6890773540473553,9,9,0.9986983837280644,False
309,-1.702870366666667e-05,-0.5811808708685918,0.7149875294880349,9,9,0.9986983837280644,False
363,-2.293994111111111e-05,-0.594881531162279,0.7164092390278854,9,9,0.9986983837280644,False
317,-2.110087388888885e-05,-0.6197369828926729,0.7249959141469354,9,9,0.9986983837280644,False
422,-2.719675477777777e-05,-0.6278316915588663,0.7270578129914398,9,9,0.9986983837280644,False
421,-1.1963877777777798e-05,-0.6253089437820515,0.7271970418399912,9,9,0.9986983837280644,False
442,-4.392936077777783e-05,-0.6350496124480305,0.7290338881224346,9,9,0.9986983837280644,False
461,-2.988930555555556e-05,-0.6393531560576552,0.730172331928402,9,9,0.9986983837280644,False
531,-3.5855491055555595e-05,-0.719748212823368,0.7564607234606651,9,8,0.9986983837280644,False
477,-1.5201933333333341e-05,-0.7220528393738431,0.7583039883144419,9,9,0.9986983837280644,False
307,-4.237799711111109e-05,-0.7232908437774598,0.7597590276593496,9,9,0.9986983837280644,False
318,-1.5431898888888882e-05,-0.7234203033807312,0.7600673699800033,9,9,0.9986983837280644,False
328,-3.717507777777784e-05,-0.7495931242889758,0.7649574708273519,9,9,0.9986983837280644,False
470,-5.960752111111109e-05,-0.7571951243918423,0.7658786852122971,9,9,0.9986983837280644,False
320,-1.9712296666666673e-05,-0.796182875139276,0.7780520778599436,9,9,0.9986983837280644,False
371,-2.8752923000000024e-05,-0.8168405477229644,0.7840041360050762,9,9,0.9986983837280644,False
509,-1.4402758500000034e-05,-0.8205036573496516,0.7857634810273121,9,8,0.9986983837280644,False
343,-1.9157873777777773e-05,-0.829982142322612,0.7874716315338997,9,9,0.9986983837280644,False
487,-1.873238055555553e-05,-0.8931140846071363,0.8053571773548815,9,9,0.9986983837280644,False
398,-7.763545070833331e-05,-0.9369979309370832,0.8101334598392007,9,8,0.9986983837280644,False
448,-8.361047555555557e-05,-0.9372879361345059,0.812345635943712,9,9,0.9986983837280644,False
425,-4.2266585e-05,-0.9374153204096722,0.8140659074315267,9,9,0.9986983837280644,False
396,-3.300789777777778e-05,-0.93146790329779,0.8158307973217497,9,9,0.9986983837280644,False
395,-4.696694077777778e-05,-0.975560940637209,0.8217153934643954,9,9,0.9986983837280644,False
316,-2.7085864444444482e-05,-0.9693001673475424,0.8265882704171079,9,9,0.9986983837280644,False
465,-6.979567e-05,-1.0041914824630287,0.8313470703792878,9,9,0.9986983837280644,False
534,-3.974931124999998e-05,-1.0697905067409323,0.8445597753409069,9,8,0.9986983837280644,False
538,-2.4272926249999986e-05,-1.082204803170068,0.8504915717963853,8,8,0.9986983837280644,False
416,-8.625307876388889e-05,-1.1293626704932858,0.8521833478301919,9,8,0.9986983837280644,False
454,-2.0692606111111114e-05,-1.0974623075437175,0.8549072795348166,9,9,0.9986983837280644,False
516,-0.00016142632069444463,-1.1458720236335767,0.8588468576391171,9,8,0.9986983837280644,False
436,-3.134769955555558e-05,-1.1250593555153772,0.8592545087799275,9,9,0.9986983837280644,False
446,-2.053871222222221e-05,-1.1340355934744437,0.8622858936236629,9,9,0.9986983837280644,False
411,-3.9069975277777755e-05,-1.1461127516846652,0.8626183652886059,9,8,0.9986983837280644,False
445,-3.539491500000001e-05,-1.165291325097768,0.8633327336189923,9,9,0.9986983837280644,False
483,-7.198635666666673e-05,-1.1810697281216096,0.8652741857025381,9,9,0.9986983837280644,False
391,-2.0427012888888876e-05,-1.173217864795241,0.8660629192909343,9,9,0.9986983837280644,False
348,-4.834952222222222e-05,-1.189472202157203,0.8683468080754071,9,9,0.9986983837280644,False
457,-3.440724777777776e-05,-1.2243741623865672,0.8761518119122603,9,9,0.9986983837280644,False
518,-0.00012949930944444445,-1.2090375445364085,0.8772818354820074,9,8,0.9986983837280644,False
428,-5.732616177777779e-05,-1.2341461722344453,0.8793709991652167,9,9,0.9986983837280644,False
449,-3.5179417999999966e-05,-1.2690371217595666,0.8808106296831755,9,9,0.9986983837280644,False
455,-1.804783222222222e-05,-1.2844214582346931,0.8843751588375348,9,9,0.9986983837280644,False
335,-3.3154860750000004e-05,-1.299576557135484,0.8915082651707781,7,8,0.9986983837280644,False
364,-4.394615e-05,-1.2998116060270182,0.8926697742488319,9,9,0.9986983837280644,False
353,-2.912785555555554e-05,-1.3401484975183555,0.8956169077941312,9,9,0.9986983837280644,False
311,-4.6655728236111116e-05,-1.4351912882712374,0.9030094785328635,9,8,0.9986983837280644,False
380,-5.7731367000000004e-05,-1.4085721075611912,0.9053894378545707,9,9,0.9986983837280644,False
427,-0.0001114235293333333,-1.468484305139641,0.9168453081682457,9,9,0.9986983837280644,False
503,-3.7207519930555544e-05,-1.534396403437239,0.9191538070523788,9,8,0.9986983837280644,False
346,-4.450539544444444e-05,-1.5234078527567223,0.922184468839254,9,9,0.9986983837280644,False
314,-5.604415555555557e-05,-1.5537028803916604,0.923388528553805,9,9,0.9986983837280644,False
358,-0.00010768523888888895,-1.5326160644313833,0.9236961463827721,9,9,0.9986983837280644,False
401,-3.344343837500001e-05,-1.6423975817704053,0.9305492446421305,9,8,0.9986983837280644,False
300,-4.057105222222225e-05,-1.6533441619355806,0.9339159894446457,9,9,0.9986983837280644,False
517,-6.191078055555556e-05,-1.7161498268454036,0.9406822532436855,9,8,0.9986983837280644,False
499,-5.472582250000001e-05,-1.70804289904864,0.9427140918594594,9,8,0.9986983837280644,False
338,-5.7183991111111135e-05,-1.7225198052629136,0.9436357925270956,6,9,0.9986983837280644,False
513,-4.05619891388889e-05,-1.7154311728687814,0.9465196337700039,9,8,0.9986983837280644,False
485,-7.726472022222226e-05,-1.8079727676558337,0.9479242011790674,9,9,0.9986983837280644,False
341,-3.319522311111111e-05,-1.7686083859633022,0.9481399339815988,9,9,0.9986983837280644,False
388,-7.025379755555557e-05,-1.8909449455912264,0.9579185681747177,9,9,0.9986983837280644,False
413,-0.00012790107111111112,-1.9444057509891033,0.9637687094687467,9,8,0.9986983837280644,False
523,-6.268568774999998e-05,-2.222708769273135,0.9704243376837309,9,8,0.9986983837280644,False
303,-8.582082733333331e-05,-2.1623855918518515,0.9720197822031396,9,9,0.9986983837280644,False
473,-9.577648399999994e-05,-2.1923285741689957,0.9721234295012887,9,9,0.9986983837280644,False
512,-0.00014859220638888885,-2.292940406436259,0.9737534292998119,9,8,0.9986983837280644,False
368,-0.00010302087999999995,-2.115074676662417,0.9747659011434257,9,9,0.9986983837280644,False
424,-0.00011405805555555554,-2.223096945155944,0.9750150736880904,9,9,0.9986983837280644,False
333,-6.853849238095238e-05,-2.222243191170921,0.9756522410293073,7,9,0.9986983837280644,False
350,-7.414247733333336e-05,-2.2839771984634663,0.9762625157182643,9,9,0.9986983837280644,False
330,-0.0001617323637777778,-2.405779667566245,0.9801025635710666,7,9,0.9986983837280644,False
385,-4.419323888888891e-05,-2.287004050808962,0.9817106624630585,9,9,0.9986983837280644,False
408,-4.569026808333333e-05,-2.486500465164861,0.9832837690444589,9,8,0.9986983837280644,False
367,-5.865849166666667e-05,-2.621174691161565,0.9876519191803708,9,9,0.9986983837280644,False
405,-0.00015480524236111113,-2.525096971696694,0.9883301861250122,9,8,0.9986983837280644,False
536,-9.683862486111109e-05,-2.626826603925099,0.9894287435306413,9,8,0.9986983837280644,False
515,-0.00011053776613888889,-2.918305229593262,0.9905260165274894,9,8,0.9986983837280644,False
434,-9.960848399999999e-05,-3.198761415392692,0.9943886181156795,9,9,0.9986983837280644,False
326,-0.00010755135511111117,-3.109632828719385,0.9945197294028424,9,9,0.9986983837280644,False
486,-4.110039555555551e-05,-3.7995016530915033,0.9991776612056704,9,9,0.9991776612056704,False
